timestamp_utc,mmsi,ship_name,ship_type,latitude,longitude,sog_knots,cog_deg,heading_deg,nav_status
2026-05-04T03:30:17.463509+00:00,563000001,YL BRAVO,60,1.240363,103.80098,0.12,83.2,12,1
2026-05-04T03:31:17.463509+00:00,563000001,YL BRAVO,60,1.239624,103.801425,0.25,179.0,35,1
2026-05-04T03:32:17.463509+00:00,563000001,YL BRAVO,60,1.239979,103.80177,0.31,82.4,91,1
2026-05-04T03:33:17.463509+00:00,563000001,YL BRAVO,60,1.240978,103.803168,0.0,244.5,345,1
2026-05-04T03:34:17.463509+00:00,563000001,YL BRAVO,60,1.240829,103.803006,0.17,344.9,19,1
2026-05-04T03:35:17.463509+00:00,563000001,YL BRAVO,60,1.240878,103.804699,0.06,237.9,242,1
2026-05-04T03:36:17.463509+00:00,563000001,YL BRAVO,60,1.241441,103.805283,0.33,108.7,16,1
2026-05-04T03:37:17.463509+00:00,563000001,YL BRAVO,60,1.241722,103.805989,9.52,24.4,333,0
2026-05-04T03:38:17.463509+00:00,563000001,YL BRAVO,60,1.242087,103.80711,10.27,163.7,158,0
2026-05-04T03:39:17.463509+00:00,563000001,YL BRAVO,60,1.242224,103.807783,9.29,152.6,21,0
2026-05-04T03:40:17.463509+00:00,563000001,YL BRAVO,60,1.242308,103.806827,10.77,111.2,0,0
2026-05-04T03:41:17.463509+00:00,563000001,YL BRAVO,60,1.242524,103.809344,6.2,312.4,240,0
2026-05-04T03:42:17.463509+00:00,563000001,YL BRAVO,60,1.243921,103.808415,9.9,267.3,69,0
2026-05-04T03:43:17.463509+00:00,563000001,YL BRAVO,60,1.243216,103.809287,10.77,279.8,59,0
2026-05-04T03:44:17.463509+00:00,563000001,YL BRAVO,60,1.243575,103.810912,7.21,28.9,242,0
2026-05-04T03:45:17.463509+00:00,563000001,YL BRAVO,60,1.244579,103.811722,10.31,319.7,276,0
2026-05-04T03:46:17.463509+00:00,563000001,YL BRAVO,60,1.24571,103.81296,6.61,152.0,66,0
2026-05-04T03:47:17.463509+00:00,563000001,YL BRAVO,60,1.245326,103.812351,6.48,316.6,127,0
2026-05-04T03:48:17.463509+00:00,563000001,YL BRAVO,60,1.246207,103.813819,6.57,133.8,165,0
2026-05-04T03:49:17.463509+00:00,563000001,YL BRAVO,60,1.246081,103.814629,9.37,110.4,289,0
2026-05-04T03:50:17.463509+00:00,563000001,YL BRAVO,60,1.245555,103.815435,10.16,279.9,186,0
2026-05-04T03:51:17.463509+00:00,563000001,YL BRAVO,60,1.247447,103.816417,10.41,7.5,0,0
2026-05-04T03:52:17.463509+00:00,563000001,YL BRAVO,60,1.247356,103.817573,6.86,234.9,70,0
2026-05-04T03:53:17.463509+00:00,563000001,YL BRAVO,60,1.247844,103.818438,7.12,240.0,141,0
2026-05-04T03:54:17.463509+00:00,563000001,YL BRAVO,60,1.248135,103.819494,11.79,62.0,336,0
2026-05-04T03:55:17.463509+00:00,563000001,YL BRAVO,60,1.248307,103.818931,8.11,227.8,256,0
2026-05-04T03:56:17.463509+00:00,563000001,YL BRAVO,60,1.247414,103.819815,10.76,68.2,59,0
2026-05-04T03:57:17.463509+00:00,563000001,YL BRAVO,60,1.248818,103.820799,9.71,143.8,52,0
2026-05-04T03:58:17.463509+00:00,563000001,YL BRAVO,60,1.249299,103.822855,11.74,200.6,16,0
2026-05-04T03:59:17.463509+00:00,563000001,YL BRAVO,60,1.248526,103.821724,9.83,272.6,274,0
2026-05-04T04:00:17.463509+00:00,563000001,YL BRAVO,60,1.249974,103.824277,7.62,16.8,137,0
2026-05-04T04:01:17.463509+00:00,563000001,YL BRAVO,60,1.250679,103.824516,10.34,2.8,347,0
2026-05-04T04:02:17.463509+00:00,563000001,YL BRAVO,60,1.250311,103.825952,7.6,294.9,91,0
2026-05-04T04:03:17.463509+00:00,563000001,YL BRAVO,60,1.251166,103.826426,7.52,228.2,87,0
2026-05-04T04:04:17.463509+00:00,563000001,YL BRAVO,60,1.251368,103.826783,8.98,26.6,146,0
2026-05-04T04:05:17.463509+00:00,563000001,YL BRAVO,60,1.251294,103.82686,10.88,10.8,310,0
2026-05-04T04:06:17.463509+00:00,563000001,YL BRAVO,60,1.250594,103.827934,6.95,209.9,101,0
2026-05-04T04:07:17.463509+00:00,563000001,YL BRAVO,60,1.250626,103.828992,11.49,308.8,97,0
2026-05-04T04:08:17.463509+00:00,563000001,YL BRAVO,60,1.251968,103.829587,8.72,222.9,171,0
2026-05-04T04:09:17.463509+00:00,563000001,YL BRAVO,60,1.251881,103.829703,11.78,285.1,214,0
2026-05-04T04:10:17.463509+00:00,563000001,YL BRAVO,60,1.25246,103.832052,8.18,260.1,325,0
2026-05-04T04:11:17.463509+00:00,563000001,YL BRAVO,60,1.253309,103.832809,10.83,324.7,197,0
2026-05-04T04:12:17.463509+00:00,563000001,YL BRAVO,60,1.252155,103.83355,10.59,67.7,253,0
2026-05-04T04:13:17.463509+00:00,563000001,YL BRAVO,60,1.253222,103.832901,8.48,154.4,227,0
2026-05-04T04:14:17.463509+00:00,563000001,YL BRAVO,60,1.254223,103.834661,10.96,77.3,32,0
2026-05-04T04:15:17.463509+00:00,563000001,YL BRAVO,60,1.253379,103.835293,10.21,108.3,94,0
2026-05-04T04:16:17.463509+00:00,563000001,YL BRAVO,60,1.253683,103.83529,6.59,92.4,330,0
2026-05-04T04:17:17.463509+00:00,563000001,YL BRAVO,60,1.254764,103.836567,8.53,167.1,128,0
2026-05-04T04:18:17.463509+00:00,563000001,YL BRAVO,60,1.254514,103.837943,9.63,135.1,263,0
2026-05-04T04:19:17.463509+00:00,563000001,YL BRAVO,60,1.256187,103.838309,6.14,180.8,216,0
2026-05-04T04:20:17.463509+00:00,563000001,YL BRAVO,60,1.255937,103.838876,7.63,13.1,11,0
2026-05-04T04:21:17.463509+00:00,563000001,YL BRAVO,60,1.255109,103.84044,8.49,256.5,13,0
2026-05-04T04:22:17.463509+00:00,563000001,YL BRAVO,60,1.256607,103.840405,6.18,192.1,281,0
2026-05-04T04:23:17.463509+00:00,563000001,YL BRAVO,60,1.256452,103.841894,8.83,253.2,243,0
2026-05-04T04:24:17.463509+00:00,563000001,YL BRAVO,60,1.257487,103.842697,9.47,218.6,107,0
2026-05-04T04:25:17.463509+00:00,563000001,YL BRAVO,60,1.256321,103.842164,7.85,283.8,232,0
2026-05-04T04:26:17.463509+00:00,563000001,YL BRAVO,60,1.258466,103.843744,9.77,304.6,355,0
2026-05-04T04:27:17.463509+00:00,563000001,YL BRAVO,60,1.25779,103.845443,11.89,90.9,174,0
2026-05-04T04:28:17.463509+00:00,563000001,YL BRAVO,60,1.258572,103.846296,0.28,279.1,184,1
2026-05-04T04:29:17.463509+00:00,563000001,YL BRAVO,60,1.257965,103.84672,0.37,234.1,304,1
2026-05-04T04:30:17.463509+00:00,563000001,YL BRAVO,60,1.259538,103.846883,0.04,52.3,174,1
2026-05-04T04:31:17.463509+00:00,563000001,YL BRAVO,60,1.258116,103.847598,0.08,206.5,25,1
2026-05-04T04:32:17.463509+00:00,563000001,YL BRAVO,60,1.259308,103.847708,0.06,93.0,154,1
2026-05-04T04:33:17.463509+00:00,563000001,YL BRAVO,60,1.258949,103.849155,0.14,133.4,168,1
2026-05-04T04:34:17.463509+00:00,563000001,YL BRAVO,60,1.259201,103.850354,0.04,110.3,157,1
2026-05-04T03:31:17.463509+00:00,563000000,YL ALPHA,60,1.239731,103.800541,0.4,236.6,243,1
2026-05-04T03:32:17.463509+00:00,563000000,YL ALPHA,60,1.240599,103.800016,0.16,307.7,248,1
2026-05-04T03:33:17.463509+00:00,563000000,YL ALPHA,60,1.240652,103.80142,0.17,154.5,105,1
2026-05-04T03:34:17.463509+00:00,563000000,YL ALPHA,60,1.241256,103.801884,0.3,25.8,70,1
2026-05-04T03:35:17.463509+00:00,563000000,YL ALPHA,60,1.241059,103.803933,0.19,162.0,125,1
2026-05-04T03:36:17.463509+00:00,563000000,YL ALPHA,60,1.242618,103.804576,0.06,289.2,254,1
2026-05-04T03:37:17.463509+00:00,563000000,YL ALPHA,60,1.242073,103.805209,6.93,262.5,89,0
2026-05-04T03:38:17.463509+00:00,563000000,YL ALPHA,60,1.241966,103.805378,6.52,128.3,59,0
2026-05-04T03:39:17.463509+00:00,563000000,YL ALPHA,60,1.242311,103.806322,6.67,120.0,0,0
2026-05-04T03:40:17.463509+00:00,563000000,YL ALPHA,60,1.243299,103.807779,7.14,61.1,285,0
2026-05-04T03:41:17.463509+00:00,563000000,YL ALPHA,60,1.244251,103.807492,6.95,188.5,132,0
2026-05-04T03:42:17.463509+00:00,563000000,YL ALPHA,60,1.242878,103.808924,11.38,32.1,237,0
2026-05-04T03:43:17.463509+00:00,563000000,YL ALPHA,60,1.243282,103.809281,8.91,331.7,77,0
2026-05-04T03:44:17.463509+00:00,563000000,YL ALPHA,60,1.245003,103.811048,9.79,33.8,41,0
2026-05-04T03:45:17.463509+00:00,563000000,YL ALPHA,60,1.243866,103.812373,9.46,323.9,206,0
2026-05-04T03:46:17.463509+00:00,563000000,YL ALPHA,60,1.245062,103.812905,11.41,275.1,320,0
2026-05-04T03:47:17.463509+00:00,563000000,YL ALPHA,60,1.24595,103.812855,7.05,322.4,82,0
2026-05-04T03:48:17.463509+00:00,563000000,YL ALPHA,60,1.244838,103.814441,10.95,294.0,183,0
2026-05-04T03:49:17.463509+00:00,563000000,YL ALPHA,60,1.245912,103.815802,10.05,300.5,169,0
2026-05-04T03:50:17.463509+00:00,563000000,YL ALPHA,60,1.246927,103.816829,9.1,165.1,28,0
2026-05-04T03:51:17.463509+00:00,563000000,YL ALPHA,60,1.246017,103.816119,6.84,83.2,64,0
2026-05-04T03:52:17.463509+00:00,563000000,YL ALPHA,60,1.24688,103.816699,11.49,270.6,61,0
2026-05-04T03:53:17.463509+00:00,563000000,YL ALPHA,60,1.246732,103.818567,7.93,113.2,254,0
2026-05-04T03:54:17.463509+00:00,563000000,YL ALPHA,60,1.247846,103.819442,11.16,173.2,258,0
2026-05-04T03:55:17.463509+00:00,563000000,YL ALPHA,60,1.248756,103.820547,11.92,6.6,350,0
2026-05-04T03:56:17.463509+00:00,563000000,YL ALPHA,60,1.247694,103.820225,9.73,197.4,56,0
2026-05-04T03:57:17.463509+00:00,563000000,YL ALPHA,60,1.248015,103.820764,7.87,190.9,270,0
2026-05-04T03:58:17.463509+00:00,563000000,YL ALPHA,60,1.249126,103.822975,9.37,135.3,214,0
2026-05-04T03:59:17.463509+00:00,563000000,YL ALPHA,60,1.249925,103.822787,7.9,119.1,253,0
2026-05-04T04:00:17.463509+00:00,563000000,YL ALPHA,60,1.250111,103.824856,6.87,351.1,246,0
2026-05-04T04:01:17.463509+00:00,563000000,YL ALPHA,60,1.249003,103.825124,10.84,6.7,70,0
2026-05-04T04:02:17.463509+00:00,563000000,YL ALPHA,60,1.249552,103.825476,10.59,112.3,99,0
2026-05-04T04:03:17.463509+00:00,563000000,YL ALPHA,60,1.251017,103.827183,10.6,263.5,184,0
2026-05-04T04:04:17.463509+00:00,563000000,YL ALPHA,60,1.251973,103.828403,11.73,223.1,188,0
2026-05-04T04:05:17.463509+00:00,563000000,YL ALPHA,60,1.250753,103.828773,11.38,214.7,114,0
2026-05-04T04:06:17.463509+00:00,563000000,YL ALPHA,60,1.252439,103.829642,9.41,149.4,102,0
2026-05-04T04:07:17.463509+00:00,563000000,YL ALPHA,60,1.252272,103.830862,6.38,321.0,162,0
2026-05-04T04:08:17.463509+00:00,563000000,YL ALPHA,60,1.253099,103.831387,10.5,162.9,268,0
2026-05-04T04:09:17.463509+00:00,563000000,YL ALPHA,60,1.252326,103.831199,8.48,313.2,227,0
2026-05-04T04:10:17.463509+00:00,563000000,YL ALPHA,60,1.252664,103.832841,10.75,334.7,143,0
2026-05-04T04:11:17.463509+00:00,563000000,YL ALPHA,60,1.252362,103.834015,11.57,257.0,152,0
2026-05-04T04:12:17.463509+00:00,563000000,YL ALPHA,60,1.254145,103.834822,8.42,334.3,349,0
2026-05-04T04:13:17.463509+00:00,563000000,YL ALPHA,60,1.254935,103.834955,6.78,342.4,87,0
2026-05-04T04:14:17.463509+00:00,563000000,YL ALPHA,60,1.255184,103.834989,9.75,335.4,257,0
2026-05-04T04:15:17.463509+00:00,563000000,YL ALPHA,60,1.253994,103.837376,11.05,238.1,62,0
2026-05-04T04:16:17.463509+00:00,563000000,YL ALPHA,60,1.254496,103.838437,8.89,41.8,27,0
2026-05-04T04:17:17.463509+00:00,563000000,YL ALPHA,60,1.255739,103.839323,9.1,284.2,48,0
2026-05-04T04:18:17.463509+00:00,563000000,YL ALPHA,60,1.255849,103.838461,11.3,75.6,183,0
2026-05-04T04:19:17.463509+00:00,563000000,YL ALPHA,60,1.255192,103.839977,8.2,120.8,267,0
2026-05-04T04:20:17.463509+00:00,563000000,YL ALPHA,60,1.255781,103.841028,7.22,159.8,146,0
2026-05-04T04:21:17.463509+00:00,563000000,YL ALPHA,60,1.256503,103.842651,6.57,269.7,96,0
2026-05-04T04:22:17.463509+00:00,563000000,YL ALPHA,60,1.256261,103.843349,11.64,95.7,346,0
2026-05-04T04:23:17.463509+00:00,563000000,YL ALPHA,60,1.257225,103.843754,7.95,196.6,46,0
2026-05-04T04:24:17.463509+00:00,563000000,YL ALPHA,60,1.256791,103.843854,8.38,318.5,169,0
2026-05-04T04:25:17.463509+00:00,563000000,YL ALPHA,60,1.258178,103.844656,11.56,173.4,252,0
2026-05-04T04:26:17.463509+00:00,563000000,YL ALPHA,60,1.258101,103.846262,0.12,124.2,86,1
2026-05-04T04:27:17.463509+00:00,563000000,YL ALPHA,60,1.258787,103.847554,0.39,2.2,317,1
2026-05-04T04:28:17.463509+00:00,563000000,YL ALPHA,60,1.259713,103.847969,0.25,360.0,172,1
2026-05-04T04:29:17.463509+00:00,563000000,YL ALPHA,60,1.259242,103.849073,0.27,24.3,199,1
2026-05-04T04:30:17.463509+00:00,563000000,YL ALPHA,60,1.25921,103.848733,0.33,145.6,12,1
2026-05-04T04:31:17.463509+00:00,563000000,YL ALPHA,60,1.259911,103.849223,0.32,290.5,153,1
2026-05-04T04:04:17.463509+00:00,563000002,YL CHARLIE,60,1.240214,103.799978,0.13,160.1,311,1
2026-05-04T04:05:17.463509+00:00,563000002,YL CHARLIE,60,1.239695,103.801577,0.13,107.5,91,1
2026-05-04T04:06:17.463509+00:00,563000002,YL CHARLIE,60,1.241384,103.801236,0.38,151.6,262,1
2026-05-04T04:07:17.463509+00:00,563000002,YL CHARLIE,60,1.241894,103.803732,0.35,231.0,70,1
2026-05-04T04:08:17.463509+00:00,563000002,YL CHARLIE,60,1.242181,103.803525,0.36,249.1,287,1
2026-05-04T04:09:17.463509+00:00,563000002,YL CHARLIE,60,1.242105,103.805435,0.14,33.5,57,1
2026-05-04T04:10:17.463509+00:00,563000002,YL CHARLIE,60,1.243287,103.806204,7.21,304.3,98,0
2026-05-04T04:11:17.463509+00:00,563000002,YL CHARLIE,60,1.243406,103.80639,6.17,127.8,129,0
2026-05-04T04:12:17.463509+00:00,563000002,YL CHARLIE,60,1.243115,103.808633,8.66,13.8,228,0
2026-05-04T04:13:17.463509+00:00,563000002,YL CHARLIE,60,1.244153,103.809406,8.6,265.3,242,0
2026-05-04T04:14:17.463509+00:00,563000002,YL CHARLIE,60,1.244486,103.810075,6.09,356.7,172,0
2026-05-04T04:15:17.463509+00:00,563000002,YL CHARLIE,60,1.245172,103.810275,7.29,288.3,90,0
2026-05-04T04:16:17.463509+00:00,563000002,YL CHARLIE,60,1.244178,103.812156,10.36,340.9,180,0
2026-05-04T04:17:17.463509+00:00,563000002,YL CHARLIE,60,1.244309,103.813123,10.42,255.9,318,0
2026-05-04T04:18:17.463509+00:00,563000002,YL CHARLIE,60,1.246115,103.812517,10.97,342.9,39,0
2026-05-04T04:19:17.463509+00:00,563000002,YL CHARLIE,60,1.246622,103.814247,10.94,27.7,291,0
2026-05-04T04:20:17.463509+00:00,563000002,YL CHARLIE,60,1.245289,103.815033,7.5,163.0,285,0
2026-05-04T04:21:17.463509+00:00,563000002,YL CHARLIE,60,1.247127,103.816892,10.3,291.8,81,0
2026-05-04T04:22:17.463509+00:00,563000002,YL CHARLIE,60,1.2471,103.816404,10.6,345.2,133,0
2026-05-04T04:23:17.463509+00:00,563000002,YL CHARLIE,60,1.246429,103.817416,7.28,233.6,304,0
2026-05-04T04:24:17.463509+00:00,563000002,YL CHARLIE,60,1.247677,103.819548,7.13,187.6,294,0
2026-05-04T04:25:17.463509+00:00,563000002,YL CHARLIE,60,1.248213,103.819493,10.44,304.5,0,0
2026-05-04T04:26:17.463509+00:00,563000002,YL CHARLIE,60,1.248702,103.821465,11.3,322.0,115,0
2026-05-04T04:27:17.463509+00:00,563000002,YL CHARLIE,60,1.247871,103.821941,9.48,25.5,143,0
2026-05-04T04:28:17.463509+00:00,563000002,YL CHARLIE,60,1.248923,103.822278,10.96,203.1,180,0
2026-05-04T04:29:17.463509+00:00,563000002,YL CHARLIE,60,1.248644,103.824322,6.23,327.3,205,0
2026-05-04T04:30:17.463509+00:00,563000002,YL CHARLIE,60,1.249467,103.824861,6.05,167.4,2,0
2026-05-04T04:31:17.463509+00:00,563000002,YL CHARLIE,60,1.25053,103.826037,7.05,233.2,7,0
2026-05-04T04:32:17.463509+00:00,563000002,YL CHARLIE,60,1.251364,103.826178,10.01,138.1,89,0
2026-05-04T04:33:17.463509+00:00,563000002,YL CHARLIE,60,1.251456,103.8271,10.4,311.7,201,0
2026-05-04T04:34:17.463509+00:00,563000002,YL CHARLIE,60,1.251104,103.829531,8.43,9.5,163,0
2026-05-04T04:35:17.463509+00:00,563000002,YL CHARLIE,60,1.251961,103.830654,9.78,292.2,305,0
2026-05-04T04:36:17.463509+00:00,563000002,YL CHARLIE,60,1.251372,103.830754,7.48,350.7,24,0
2026-05-04T04:37:17.463509+00:00,563000002,YL CHARLIE,60,1.252092,103.831646,11.02,66.3,100,0
2026-05-04T04:38:17.463509+00:00,563000002,YL CHARLIE,60,1.252477,103.83228,7.27,116.5,156,0
2026-05-04T04:39:17.463509+00:00,563000002,YL CHARLIE,60,1.252823,103.834095,10.77,99.3,195,0
2026-05-04T04:40:17.463509+00:00,563000002,YL CHARLIE,60,1.253067,103.834753,10.79,285.4,254,0
2026-05-04T04:41:17.463509+00:00,563000002,YL CHARLIE,60,1.253991,103.835021,6.97,274.2,65,0
2026-05-04T04:42:17.463509+00:00,563000002,YL CHARLIE,60,1.254501,103.836784,9.36,293.0,23,0
2026-05-04T04:43:17.463509+00:00,563000002,YL CHARLIE,60,1.25505,103.836932,9.86,143.8,114,0
2026-05-04T04:44:17.463509+00:00,563000002,YL CHARLIE,60,1.254541,103.837684,9.43,316.7,155,0
2026-05-04T04:45:17.463509+00:00,563000002,YL CHARLIE,60,1.254997,103.839661,6.17,229.6,270,0
2026-05-04T04:46:17.463509+00:00,563000002,YL CHARLIE,60,1.255513,103.840217,9.71,4.8,187,0
2026-05-04T04:47:17.463509+00:00,563000002,YL CHARLIE,60,1.256569,103.841777,6.83,240.1,138,0
2026-05-04T04:48:17.463509+00:00,563000002,YL CHARLIE,60,1.257646,103.842856,10.68,270.5,301,0
2026-05-04T04:49:17.463509+00:00,563000002,YL CHARLIE,60,1.256982,103.842479,7.6,302.2,251,0
2026-05-04T04:50:17.463509+00:00,563000002,YL CHARLIE,60,1.25728,103.845222,8.23,251.0,183,0
2026-05-04T04:51:17.463509+00:00,563000002,YL CHARLIE,60,1.25891,103.844658,0.11,352.5,102,1
2026-05-04T04:52:17.463509+00:00,563000002,YL CHARLIE,60,1.258218,103.846224,0.08,90.5,86,1
2026-05-04T04:53:17.463509+00:00,563000002,YL CHARLIE,60,1.258539,103.846897,0.39,315.8,342,1
2026-05-04T04:54:17.463509+00:00,563000002,YL CHARLIE,60,1.259098,103.847296,0.02,289.6,102,1
2026-05-04T04:55:17.463509+00:00,563000002,YL CHARLIE,60,1.260088,103.849836,0.2,37.6,216,1
2026-05-04T04:56:17.463509+00:00,563000002,YL CHARLIE,60,1.259706,103.849295,0.27,43.9,150,1
2026-05-04T09:11:17.463509+00:00,563000002,YL CHARLIE,60,1.240799,103.799494,0.07,329.9,275,1
2026-05-04T09:12:17.463509+00:00,563000002,YL CHARLIE,60,1.239771,103.80068,0.23,69.4,218,1
2026-05-04T09:13:17.463509+00:00,563000002,YL CHARLIE,60,1.240235,103.802228,0.11,37.2,71,1
2026-05-04T09:14:17.463509+00:00,563000002,YL CHARLIE,60,1.241124,103.802187,0.19,22.6,235,1
2026-05-04T09:15:17.463509+00:00,563000002,YL CHARLIE,60,1.241124,103.803542,0.16,112.2,72,1
2026-05-04T09:16:17.463509+00:00,563000002,YL CHARLIE,60,1.241271,103.804223,0.11,166.9,90,1
2026-05-04T09:17:17.463509+00:00,563000002,YL CHARLIE,60,1.240965,103.804136,0.03,105.1,54,1
2026-05-04T09:18:17.463509+00:00,563000002,YL CHARLIE,60,1.242283,103.805239,8.55,106.3,277,0
2026-05-04T09:19:17.463509+00:00,563000002,YL CHARLIE,60,1.242451,103.805606,11.46,267.1,268,0
2026-05-04T09:20:17.463509+00:00,563000002,YL CHARLIE,60,1.243383,103.806013,8.21,235.2,55,0
2026-05-04T09:21:17.463509+00:00,563000002,YL CHARLIE,60,1.242969,103.806537,11.7,129.0,261,0
2026-05-04T09:22:17.463509+00:00,563000002,YL CHARLIE,60,1.243743,103.808834,7.48,215.6,95,0
2026-05-04T09:23:17.463509+00:00,563000002,YL CHARLIE,60,1.242841,103.809012,11.83,7.8,76,0
2026-05-04T09:24:17.463509+00:00,563000002,YL CHARLIE,60,1.243397,103.810203,6.62,36.8,287,0
2026-05-04T09:25:17.463509+00:00,563000002,YL CHARLIE,60,1.243266,103.810512,11.82,188.3,357,0
2026-05-04T09:26:17.463509+00:00,563000002,YL CHARLIE,60,1.244335,103.81054,11.53,221.8,106,0
2026-05-04T09:27:17.463509+00:00,563000002,YL CHARLIE,60,1.245488,103.811112,6.25,255.8,112,0
2026-05-04T09:28:17.463509+00:00,563000002,YL CHARLIE,60,1.245736,103.81184,11.95,281.8,358,0
2026-05-04T09:29:17.463509+00:00,563000002,YL CHARLIE,60,1.245824,103.812944,11.41,45.8,343,0
2026-05-04T09:30:17.463509+00:00,563000002,YL CHARLIE,60,1.246376,103.81333,6.58,274.6,130,0
2026-05-04T09:31:17.463509+00:00,563000002,YL CHARLIE,60,1.245484,103.814135,8.66,87.3,180,0
2026-05-04T09:32:17.463509+00:00,563000002,YL CHARLIE,60,1.247041,103.816037,10.38,258.5,103,0
2026-05-04T09:33:17.463509+00:00,563000002,YL CHARLIE,60,1.247307,103.816104,6.1,111.0,308,0
2026-05-04T09:34:17.463509+00:00,563000002,YL CHARLIE,60,1.247376,103.815904,6.13,8.7,73,0
2026-05-04T09:35:17.463509+00:00,563000002,YL CHARLIE,60,1.246207,103.817704,6.56,200.3,100,0
2026-05-04T09:36:17.463509+00:00,563000002,YL CHARLIE,60,1.246969,103.819108,10.52,29.8,114,0
2026-05-04T09:37:17.463509+00:00,563000002,YL CHARLIE,60,1.247171,103.819107,10.01,226.4,10,0
2026-05-04T09:38:17.463509+00:00,563000002,YL CHARLIE,60,1.247376,103.820448,6.39,77.0,231,0
2026-05-04T09:39:17.463509+00:00,563000002,YL CHARLIE,60,1.248846,103.819623,6.07,356.9,25,0
2026-05-04T09:40:17.463509+00:00,563000002,YL CHARLIE,60,1.248941,103.82135,6.55,311.3,254,0
2026-05-04T09:41:17.463509+00:00,563000002,YL CHARLIE,60,1.248827,103.821488,7.53,235.7,160,0
2026-05-04T09:42:17.463509+00:00,563000002,YL CHARLIE,60,1.249524,103.822458,11.91,333.3,258,0
2026-05-04T09:43:17.463509+00:00,563000002,YL CHARLIE,60,1.249827,103.822676,10.97,266.8,118,0
2026-05-04T09:44:17.463509+00:00,563000002,YL CHARLIE,60,1.248776,103.824114,6.59,33.0,314,0
2026-05-04T09:45:17.463509+00:00,563000002,YL CHARLIE,60,1.250156,103.824429,8.6,265.0,325,0
2026-05-04T09:46:17.463509+00:00,563000002,YL CHARLIE,60,1.250909,103.825,9.14,188.0,64,0
2026-05-04T09:47:17.463509+00:00,563000002,YL CHARLIE,60,1.250543,103.826433,9.66,214.1,25,0
2026-05-04T09:48:17.463509+00:00,563000002,YL CHARLIE,60,1.250858,103.827663,8.75,95.0,339,0
2026-05-04T09:49:17.463509+00:00,563000002,YL CHARLIE,60,1.250256,103.827164,7.85,253.7,130,0
2026-05-04T09:50:17.463509+00:00,563000002,YL CHARLIE,60,1.251332,103.828165,11.78,37.2,300,0
2026-05-04T09:51:17.463509+00:00,563000002,YL CHARLIE,60,1.25124,103.828138,10.9,156.9,174,0
2026-05-04T09:52:17.463509+00:00,563000002,YL CHARLIE,60,1.252503,103.830392,10.46,358.5,168,0
2026-05-04T09:53:17.463509+00:00,563000002,YL CHARLIE,60,1.251385,103.829828,11.0,242.3,2,0
2026-05-04T09:54:17.463509+00:00,563000002,YL CHARLIE,60,1.2515,103.83078,11.62,166.5,264,0
2026-05-04T09:55:17.463509+00:00,563000002,YL CHARLIE,60,1.251794,103.832366,10.0,98.8,263,0
2026-05-04T09:56:17.463509+00:00,563000002,YL CHARLIE,60,1.253887,103.83201,7.81,267.9,308,0
2026-05-04T09:57:17.463509+00:00,563000002,YL CHARLIE,60,1.253287,103.832995,8.68,273.1,295,0
2026-05-04T09:58:17.463509+00:00,563000002,YL CHARLIE,60,1.254506,103.834607,10.65,38.4,355,0
2026-05-04T09:59:17.463509+00:00,563000002,YL CHARLIE,60,1.253683,103.834307,6.55,125.5,319,0
2026-05-04T10:00:17.463509+00:00,563000002,YL CHARLIE,60,1.255098,103.83604,11.5,255.5,282,0
2026-05-04T10:01:17.463509+00:00,563000002,YL CHARLIE,60,1.254426,103.836183,11.81,29.9,351,0
2026-05-04T10:02:17.463509+00:00,563000002,YL CHARLIE,60,1.254888,103.837508,11.98,129.7,170,0
2026-05-04T10:03:17.463509+00:00,563000002,YL CHARLIE,60,1.25484,103.837364,8.16,349.6,243,0
2026-05-04T10:04:17.463509+00:00,563000002,YL CHARLIE,60,1.255371,103.838044,6.27,97.2,317,0
2026-05-04T10:05:17.463509+00:00,563000002,YL CHARLIE,60,1.254802,103.839766,9.76,298.5,229,0
2026-05-04T10:06:17.463509+00:00,563000002,YL CHARLIE,60,1.25529,103.840653,10.99,106.0,135,0
2026-05-04T10:07:17.463509+00:00,563000002,YL CHARLIE,60,1.256123,103.840068,8.95,348.0,58,0
2026-05-04T10:08:17.463509+00:00,563000002,YL CHARLIE,60,1.255617,103.841195,11.24,136.4,306,0
2026-05-04T10:09:17.463509+00:00,563000002,YL CHARLIE,60,1.25646,103.842385,11.01,165.3,128,0
2026-05-04T10:10:17.463509+00:00,563000002,YL CHARLIE,60,1.256454,103.841959,7.27,276.5,204,0
2026-05-04T10:11:17.463509+00:00,563000002,YL CHARLIE,60,1.25692,103.842753,9.37,3.8,216,0
2026-05-04T10:12:17.463509+00:00,563000002,YL CHARLIE,60,1.25823,103.844365,9.15,288.7,170,0
2026-05-04T10:13:17.463509+00:00,563000002,YL CHARLIE,60,1.257648,103.844596,8.89,17.0,266,0
2026-05-04T10:14:17.463509+00:00,563000002,YL CHARLIE,60,1.258308,103.844688,0.1,294.4,163,1
2026-05-04T10:15:17.463509+00:00,563000002,YL CHARLIE,60,1.259494,103.845783,0.02,266.1,287,1
2026-05-04T10:16:17.463509+00:00,563000002,YL CHARLIE,60,1.259481,103.847179,0.1,112.7,123,1
2026-05-04T10:17:17.463509+00:00,563000002,YL CHARLIE,60,1.259212,103.847693,0.23,160.8,88,1
2026-05-04T10:18:17.463509+00:00,563000002,YL CHARLIE,60,1.260328,103.848142,0.02,305.3,174,1
2026-05-04T10:19:17.463509+00:00,563000002,YL CHARLIE,60,1.259168,103.848286,0.25,309.0,348,1
2026-05-04T10:20:17.463509+00:00,563000002,YL CHARLIE,60,1.259272,103.850948,0.38,118.8,288,1
2026-05-04T09:19:17.463509+00:00,563000000,YL ALPHA,60,1.239083,103.800068,0.07,58.5,296,1
2026-05-04T09:20:17.463509+00:00,563000000,YL ALPHA,60,1.239509,103.80067,0.06,146.7,9,1
2026-05-04T09:21:17.463509+00:00,563000000,YL ALPHA,60,1.240148,103.801276,0.15,5.8,301,1
2026-05-04T09:22:17.463509+00:00,563000000,YL ALPHA,60,1.240425,103.802263,0.37,123.2,294,1
2026-05-04T09:23:17.463509+00:00,563000000,YL ALPHA,60,1.240661,103.801428,0.27,67.6,294,1
2026-05-04T09:24:17.463509+00:00,563000000,YL ALPHA,60,1.24045,103.803546,0.1,66.8,69,1
2026-05-04T09:25:17.463509+00:00,563000000,YL ALPHA,60,1.24139,103.804296,0.38,114.7,298,1
2026-05-04T09:26:17.463509+00:00,563000000,YL ALPHA,60,1.241851,103.804256,0.22,128.8,239,1
2026-05-04T09:27:17.463509+00:00,563000000,YL ALPHA,60,1.241209,103.804435,0.1,35.1,76,1
2026-05-04T09:28:17.463509+00:00,563000000,YL ALPHA,60,1.242651,103.804845,7.56,277.4,191,0
2026-05-04T09:29:17.463509+00:00,563000000,YL ALPHA,60,1.241835,103.806072,10.78,295.0,211,0
2026-05-04T09:30:17.463509+00:00,563000000,YL ALPHA,60,1.241928,103.806486,11.8,357.3,218,0
2026-05-04T09:31:17.463509+00:00,563000000,YL ALPHA,60,1.242932,103.806385,9.95,0.6,69,0
2026-05-04T09:32:17.463509+00:00,563000000,YL ALPHA,60,1.242807,103.808308,6.19,291.1,48,0
2026-05-04T09:33:17.463509+00:00,563000000,YL ALPHA,60,1.24421,103.807625,11.05,248.4,220,0
2026-05-04T09:34:17.463509+00:00,563000000,YL ALPHA,60,1.243869,103.808079,6.02,221.2,248,0
2026-05-04T09:35:17.463509+00:00,563000000,YL ALPHA,60,1.243666,103.809046,11.05,145.2,207,0
2026-05-04T09:36:17.463509+00:00,563000000,YL ALPHA,60,1.24326,103.810495,6.37,115.3,258,0
2026-05-04T09:37:17.463509+00:00,563000000,YL ALPHA,60,1.243456,103.811081,9.74,82.0,64,0
2026-05-04T09:38:17.463509+00:00,563000000,YL ALPHA,60,1.245276,103.810835,7.53,277.4,245,0
2026-05-04T09:39:17.463509+00:00,563000000,YL ALPHA,60,1.244614,103.810932,11.19,204.3,14,0
2026-05-04T09:40:17.463509+00:00,563000000,YL ALPHA,60,1.244102,103.811483,8.95,5.6,146,0
2026-05-04T09:41:17.463509+00:00,563000000,YL ALPHA,60,1.245976,103.812097,9.74,2.4,311,0
2026-05-04T09:42:17.463509+00:00,563000000,YL ALPHA,60,1.246008,103.813663,8.32,228.8,283,0
2026-05-04T09:43:17.463509+00:00,563000000,YL ALPHA,60,1.244768,103.814769,7.2,203.3,338,0
2026-05-04T09:44:17.463509+00:00,563000000,YL ALPHA,60,1.246657,103.814329,11.21,321.3,344,0
2026-05-04T09:45:17.463509+00:00,563000000,YL ALPHA,60,1.246413,103.814213,8.82,268.0,202,0
2026-05-04T09:46:17.463509+00:00,563000000,YL ALPHA,60,1.246054,103.815137,9.94,51.3,255,0
2026-05-04T09:47:17.463509+00:00,563000000,YL ALPHA,60,1.246856,103.816289,7.56,286.2,236,0
2026-05-04T09:48:17.463509+00:00,563000000,YL ALPHA,60,1.24756,103.817052,10.85,178.8,233,0
2026-05-04T09:49:17.463509+00:00,563000000,YL ALPHA,60,1.247712,103.817725,6.23,72.9,149,0
2026-05-04T09:50:17.463509+00:00,563000000,YL ALPHA,60,1.246977,103.817434,10.14,58.7,107,0
2026-05-04T09:51:17.463509+00:00,563000000,YL ALPHA,60,1.246684,103.817809,7.84,207.7,81,0
2026-05-04T09:52:17.463509+00:00,563000000,YL ALPHA,60,1.246839,103.819835,6.36,206.9,145,0
2026-05-04T09:53:17.463509+00:00,563000000,YL ALPHA,60,1.247374,103.820429,7.11,133.6,211,0
2026-05-04T09:54:17.463509+00:00,563000000,YL ALPHA,60,1.248473,103.820237,7.56,225.2,55,0
2026-05-04T09:55:17.463509+00:00,563000000,YL ALPHA,60,1.249151,103.821308,11.77,10.7,217,0
2026-05-04T09:56:17.463509+00:00,563000000,YL ALPHA,60,1.249095,103.822044,9.64,211.5,117,0
2026-05-04T09:57:17.463509+00:00,563000000,YL ALPHA,60,1.248579,103.822174,6.72,213.3,128,0
2026-05-04T09:58:17.463509+00:00,563000000,YL ALPHA,60,1.249057,103.82319,11.22,290.4,76,0
2026-05-04T09:59:17.463509+00:00,563000000,YL ALPHA,60,1.248448,103.823636,6.24,291.9,190,0
2026-05-04T10:00:17.463509+00:00,563000000,YL ALPHA,60,1.249458,103.824515,10.86,300.1,303,0
2026-05-04T10:01:17.463509+00:00,563000000,YL ALPHA,60,1.250542,103.824564,8.39,37.8,283,0
2026-05-04T10:02:17.463509+00:00,563000000,YL ALPHA,60,1.249531,103.824823,7.16,52.0,42,0
2026-05-04T10:03:17.463509+00:00,563000000,YL ALPHA,60,1.250388,103.824703,11.52,148.2,355,0
2026-05-04T10:04:17.463509+00:00,563000000,YL ALPHA,60,1.250168,103.825539,9.87,37.1,70,0
2026-05-04T10:05:17.463509+00:00,563000000,YL ALPHA,60,1.251423,103.826907,7.64,61.6,196,0
2026-05-04T10:06:17.463509+00:00,563000000,YL ALPHA,60,1.25152,103.826034,8.61,188.0,214,0
2026-05-04T10:07:17.463509+00:00,563000000,YL ALPHA,60,1.250465,103.827605,10.29,292.3,315,0
2026-05-04T10:08:17.463509+00:00,563000000,YL ALPHA,60,1.252027,103.828889,8.18,359.1,260,0
2026-05-04T10:09:17.463509+00:00,563000000,YL ALPHA,60,1.251653,103.828868,7.4,203.8,338,0
2026-05-04T10:10:17.463509+00:00,563000000,YL ALPHA,60,1.251589,103.828513,6.65,13.5,167,0
2026-05-04T10:11:17.463509+00:00,563000000,YL ALPHA,60,1.252197,103.83082,7.98,35.2,155,0
2026-05-04T10:12:17.463509+00:00,563000000,YL ALPHA,60,1.251314,103.830243,10.73,53.7,166,0
2026-05-04T10:13:17.463509+00:00,563000000,YL ALPHA,60,1.25189,103.830114,7.35,205.3,239,0
2026-05-04T10:14:17.463509+00:00,563000000,YL ALPHA,60,1.252747,103.831458,8.86,89.1,319,0
2026-05-04T10:15:17.463509+00:00,563000000,YL ALPHA,60,1.252538,103.832616,10.89,36.7,230,0
2026-05-04T10:16:17.463509+00:00,563000000,YL ALPHA,60,1.253402,103.832282,7.21,172.4,231,0
2026-05-04T10:17:17.463509+00:00,563000000,YL ALPHA,60,1.253539,103.833998,10.01,145.4,220,0
2026-05-04T10:18:17.463509+00:00,563000000,YL ALPHA,60,1.252898,103.834358,7.57,195.0,56,0
2026-05-04T10:19:17.463509+00:00,563000000,YL ALPHA,60,1.25401,103.834173,10.79,309.3,141,0
2026-05-04T10:20:17.463509+00:00,563000000,YL ALPHA,60,1.253915,103.835996,6.04,319.5,202,0
2026-05-04T10:21:17.463509+00:00,563000000,YL ALPHA,60,1.254412,103.834681,7.35,293.4,218,0
2026-05-04T10:22:17.463509+00:00,563000000,YL ALPHA,60,1.254986,103.836351,11.56,225.0,11,0
2026-05-04T10:23:17.463509+00:00,563000000,YL ALPHA,60,1.253819,103.837692,10.49,108.3,169,0
2026-05-04T10:24:17.463509+00:00,563000000,YL ALPHA,60,1.255743,103.83712,9.86,151.5,22,0
2026-05-04T10:25:17.463509+00:00,563000000,YL ALPHA,60,1.254261,103.837629,10.8,289.6,339,0
2026-05-04T10:26:17.463509+00:00,563000000,YL ALPHA,60,1.255782,103.839248,6.71,315.7,269,0
2026-05-04T10:27:17.463509+00:00,563000000,YL ALPHA,60,1.256301,103.839589,9.78,12.4,303,0
2026-05-04T10:28:17.463509+00:00,563000000,YL ALPHA,60,1.256518,103.838857,9.49,65.0,79,0
2026-05-04T10:29:17.463509+00:00,563000000,YL ALPHA,60,1.255555,103.841066,9.33,329.0,204,0
2026-05-04T10:30:17.463509+00:00,563000000,YL ALPHA,60,1.256366,103.840781,7.22,27.1,116,0
2026-05-04T10:31:17.463509+00:00,563000000,YL ALPHA,60,1.256934,103.841698,6.78,23.9,116,0
2026-05-04T10:32:17.463509+00:00,563000000,YL ALPHA,60,1.257778,103.841265,11.24,314.1,251,0
2026-05-04T10:33:17.463509+00:00,563000000,YL ALPHA,60,1.257229,103.841913,8.52,13.3,357,0
2026-05-04T10:34:17.463509+00:00,563000000,YL ALPHA,60,1.256552,103.84309,9.99,206.2,71,0
2026-05-04T10:35:17.463509+00:00,563000000,YL ALPHA,60,1.257085,103.843844,6.29,239.8,305,0
2026-05-04T10:36:17.463509+00:00,563000000,YL ALPHA,60,1.257543,103.844798,10.45,312.9,118,0
2026-05-04T10:37:17.463509+00:00,563000000,YL ALPHA,60,1.257529,103.844897,11.05,85.4,155,0
2026-05-04T10:38:17.463509+00:00,563000000,YL ALPHA,60,1.258183,103.844947,0.1,283.7,165,1
2026-05-04T10:39:17.463509+00:00,563000000,YL ALPHA,60,1.259359,103.846638,0.3,303.5,155,1
2026-05-04T10:40:17.463509+00:00,563000000,YL ALPHA,60,1.257824,103.846369,0.12,192.2,161,1
2026-05-04T10:41:17.463509+00:00,563000000,YL ALPHA,60,1.259438,103.847861,0.09,88.1,267,1
2026-05-04T10:42:17.463509+00:00,563000000,YL ALPHA,60,1.258865,103.846833,0.38,342.4,225,1
2026-05-04T10:43:17.463509+00:00,563000000,YL ALPHA,60,1.26028,103.848553,0.27,290.9,136,1
2026-05-04T10:44:17.463509+00:00,563000000,YL ALPHA,60,1.259321,103.848248,0.11,217.4,30,1
2026-05-04T10:45:17.463509+00:00,563000000,YL ALPHA,60,1.259436,103.849279,0.17,259.8,20,1
2026-05-04T10:46:17.463509+00:00,563000000,YL ALPHA,60,1.259947,103.850904,0.11,212.6,44,1
2026-05-04T10:26:17.463509+00:00,563000001,YL BRAVO,60,1.240923,103.800972,0.01,85.2,170,1
2026-05-04T10:27:17.463509+00:00,563000001,YL BRAVO,60,1.240305,103.801603,0.17,332.2,126,1
2026-05-04T10:28:17.463509+00:00,563000001,YL BRAVO,60,1.240127,103.801711,0.26,88.7,6,1
2026-05-04T10:29:17.463509+00:00,563000001,YL BRAVO,60,1.239938,103.801758,0.36,262.2,10,1
2026-05-04T10:30:17.463509+00:00,563000001,YL BRAVO,60,1.241792,103.803882,0.15,234.8,19,1
2026-05-04T10:31:17.463509+00:00,563000001,YL BRAVO,60,1.242191,103.80372,0.07,127.6,160,1
2026-05-04T10:32:17.463509+00:00,563000001,YL BRAVO,60,1.242121,103.804336,0.01,183.3,132,1
2026-05-04T10:33:17.463509+00:00,563000001,YL BRAVO,60,1.241177,103.805866,11.92,345.2,84,0
2026-05-04T10:34:17.463509+00:00,563000001,YL BRAVO,60,1.242615,103.806603,11.01,185.7,268,0
2026-05-04T10:35:17.463509+00:00,563000001,YL BRAVO,60,1.243186,103.807316,7.31,305.4,204,0
2026-05-04T10:36:17.463509+00:00,563000001,YL BRAVO,60,1.242403,103.807548,7.93,114.7,345,0
2026-05-04T10:37:17.463509+00:00,563000001,YL BRAVO,60,1.244029,103.808863,11.94,344.6,307,0
2026-05-04T10:38:17.463509+00:00,563000001,YL BRAVO,60,1.244134,103.808038,9.51,279.6,244,0
2026-05-04T10:39:17.463509+00:00,563000001,YL BRAVO,60,1.243693,103.808905,8.13,256.7,90,0
2026-05-04T10:40:17.463509+00:00,563000001,YL BRAVO,60,1.243978,103.81072,11.11,253.6,101,0
2026-05-04T10:41:17.463509+00:00,563000001,YL BRAVO,60,1.245312,103.811187,7.8,19.7,12,0
2026-05-04T10:42:17.463509+00:00,563000001,YL BRAVO,60,1.245424,103.812275,9.43,292.4,232,0
2026-05-04T10:43:17.463509+00:00,563000001,YL BRAVO,60,1.24545,103.812064,10.87,188.9,191,0
2026-05-04T10:44:17.463509+00:00,563000001,YL BRAVO,60,1.244428,103.813117,11.88,40.9,49,0
2026-05-04T10:45:17.463509+00:00,563000001,YL BRAVO,60,1.244917,103.8138,11.92,194.1,180,0
2026-05-04T10:46:17.463509+00:00,563000001,YL BRAVO,60,1.24539,103.815455,9.76,3.9,32,0
2026-05-04T10:47:17.463509+00:00,563000001,YL BRAVO,60,1.246018,103.816429,11.65,40.0,215,0
2026-05-04T10:48:17.463509+00:00,563000001,YL BRAVO,60,1.245619,103.815376,8.76,164.0,321,0
2026-05-04T10:49:17.463509+00:00,563000001,YL BRAVO,60,1.247234,103.816729,6.88,202.1,17,0
2026-05-04T10:50:17.463509+00:00,563000001,YL BRAVO,60,1.246616,103.816929,8.07,350.6,290,0
2026-05-04T10:51:17.463509+00:00,563000001,YL BRAVO,60,1.248191,103.81921,8.66,214.4,286,0
2026-05-04T10:52:17.463509+00:00,563000001,YL BRAVO,60,1.247987,103.819989,10.0,300.0,227,0
2026-05-04T10:53:17.463509+00:00,563000001,YL BRAVO,60,1.2482,103.81967,10.43,199.4,17,0
2026-05-04T10:54:17.463509+00:00,563000001,YL BRAVO,60,1.24909,103.8207,10.32,95.5,262,0
2026-05-04T10:55:17.463509+00:00,563000001,YL BRAVO,60,1.24899,103.821092,8.2,13.2,319,0
2026-05-04T10:56:17.463509+00:00,563000001,YL BRAVO,60,1.248238,103.821648,7.8,15.2,223,0
2026-05-04T10:57:17.463509+00:00,563000001,YL BRAVO,60,1.250011,103.82318,9.3,243.4,187,0
2026-05-04T10:58:17.463509+00:00,563000001,YL BRAVO,60,1.250161,103.823067,8.51,144.6,181,0
2026-05-04T10:59:17.463509+00:00,563000001,YL BRAVO,60,1.250154,103.82392,9.39,239.2,201,0
2026-05-04T11:00:17.463509+00:00,563000001,YL BRAVO,60,1.249751,103.824659,11.25,70.3,121,0
2026-05-04T11:01:17.463509+00:00,563000001,YL BRAVO,60,1.25043,103.826298,9.41,282.4,105,0
2026-05-04T11:02:17.463509+00:00,563000001,YL BRAVO,60,1.251326,103.826373,7.69,15.7,118,0
2026-05-04T11:03:17.463509+00:00,563000001,YL BRAVO,60,1.250728,103.827707,8.38,52.4,147,0
2026-05-04T11:04:17.463509+00:00,563000001,YL BRAVO,60,1.251959,103.828253,10.26,204.3,152,0
2026-05-04T11:05:17.463509+00:00,563000001,YL BRAVO,60,1.250696,103.829024,8.92,248.2,45,0
2026-05-04T11:06:17.463509+00:00,563000001,YL BRAVO,60,1.251492,103.82965,10.0,15.9,51,0
2026-05-04T11:07:17.463509+00:00,563000001,YL BRAVO,60,1.251981,103.829529,8.15,104.1,50,0
2026-05-04T11:08:17.463509+00:00,563000001,YL BRAVO,60,1.251489,103.831224,10.63,156.7,102,0
2026-05-04T11:09:17.463509+00:00,563000001,YL BRAVO,60,1.252625,103.831734,8.97,262.3,265,0
2026-05-04T11:10:17.463509+00:00,563000001,YL BRAVO,60,1.252263,103.833331,8.84,188.9,37,0
2026-05-04T11:11:17.463509+00:00,563000001,YL BRAVO,60,1.253487,103.833479,11.16,343.3,91,0
2026-05-04T11:12:17.463509+00:00,563000001,YL BRAVO,60,1.254065,103.834048,6.48,163.9,98,0
2026-05-04T11:13:17.463509+00:00,563000001,YL BRAVO,60,1.254179,103.834399,10.28,56.7,149,0
2026-05-04T11:14:17.463509+00:00,563000001,YL BRAVO,60,1.254806,103.835165,9.23,280.5,0,0
2026-05-04T11:15:17.463509+00:00,563000001,YL BRAVO,60,1.254398,103.835973,9.94,259.6,350,0
2026-05-04T11:16:17.463509+00:00,563000001,YL BRAVO,60,1.255578,103.837003,9.33,234.7,107,0
2026-05-04T11:17:17.463509+00:00,563000001,YL BRAVO,60,1.255962,103.837427,10.52,159.3,74,0
2026-05-04T11:18:17.463509+00:00,563000001,YL BRAVO,60,1.255258,103.837958,10.67,92.6,289,0
2026-05-04T11:19:17.463509+00:00,563000001,YL BRAVO,60,1.254859,103.839301,7.26,103.0,41,0
2026-05-04T11:20:17.463509+00:00,563000001,YL BRAVO,60,1.254891,103.839823,7.06,262.7,344,0
2026-05-04T11:21:17.463509+00:00,563000001,YL BRAVO,60,1.256252,103.840353,10.15,199.9,142,0
2026-05-04T11:22:17.463509+00:00,563000001,YL BRAVO,60,1.257122,103.841961,7.09,156.5,154,0
2026-05-04T11:23:17.463509+00:00,563000001,YL BRAVO,60,1.257168,103.840977,8.62,89.5,333,0
2026-05-04T11:24:17.463509+00:00,563000001,YL BRAVO,60,1.257996,103.842587,6.55,75.6,136,0
2026-05-04T11:25:17.463509+00:00,563000001,YL BRAVO,60,1.256701,103.843594,11.64,24.1,128,0
2026-05-04T11:26:17.463509+00:00,563000001,YL BRAVO,60,1.257522,103.845097,11.7,57.1,111,0
2026-05-04T11:27:17.463509+00:00,563000001,YL BRAVO,60,1.257379,103.844932,7.43,6.4,229,0
2026-05-04T11:28:17.463509+00:00,563000001,YL BRAVO,60,1.257538,103.844732,0.2,314.9,305,1
2026-05-04T11:29:17.463509+00:00,563000001,YL BRAVO,60,1.257642,103.84578,0.02,310.8,135,1
2026-05-04T11:30:17.463509+00:00,563000001,YL BRAVO,60,1.258812,103.847659,0.31,36.2,76,1
2026-05-04T11:31:17.463509+00:00,563000001,YL BRAVO,60,1.259568,103.848052,0.03,305.1,102,1
2026-05-04T11:32:17.463509+00:00,563000001,YL BRAVO,60,1.259769,103.849284,0.34,223.5,108,1
2026-05-04T11:33:17.463509+00:00,563000001,YL BRAVO,60,1.260626,103.849312,0.22,56.8,181,1
2026-05-04T11:34:17.463509+00:00,563000001,YL BRAVO,60,1.259571,103.850753,0.03,183.1,271,1
